amphur_id,code,name,name_eng,postcode,province_id,active,recby_id,rectime,remark
1,1001,เขตพระนคร   ,,10200,1,T,,3/1/2015 14:51,
2,1002,เขตดุสิต   ,,10300,1,T,,3/1/2015 14:51,
3,1003,เขตหนองจอก   ,,10530,1,T,,3/1/2015 14:51,
4,1004,เขตบางรัก   ,,10500,1,T,,3/1/2015 14:51,
5,1005,เขตบางเขน   ,,10220,1,T,,3/1/2015 14:51,
6,1006,เขตบางกะปิ   ,,10240,1,T,,3/1/2015 14:51,
7,1007,เขตปทุมวัน   ,,10330,1,T,,3/1/2015 14:51,
8,1008,เขตป้อมปราบศัตรูพ่าย   ,,10100,1,T,,3/1/2015 14:51,
9,1009,เขตพระโขนง   ,,10260,1,T,,3/1/2015 14:51,
10,1010,เขตมีนบุรี   ,,10510,1,T,,3/1/2015 14:51,
11,1011,เขตลาดกระบัง   ,,10520,1,T,,3/1/2015 14:51,
12,1012,เขตยานนาวา   ,,10120,1,T,,3/1/2015 14:51,
13,1013,เขตสัมพันธวงศ์   ,,10100,1,T,,3/1/2015 14:51,
14,1014,เขตพญาไท   ,,10400,1,T,,3/1/2015 14:51,
15,1015,เขตธนบุรี   ,,10600,1,T,,3/1/2015 14:51,
16,1016,เขตบางกอกใหญ่   ,,10600,1,T,,3/1/2015 14:51,
17,1017,เขตห้วยขวาง   ,,10310,1,T,,3/1/2015 14:51,
18,1018,เขตคลองสาน   ,,10600,1,T,,3/1/2015 14:51,
19,1019,เขตตลิ่งชัน   ,,10170,1,T,,3/1/2015 14:51,
20,1020,เขตบางกอกน้อย   ,,10700,1,T,,3/1/2015 14:51,
21,1021,เขตบางขุนเทียน   ,,10150,1,T,,3/1/2015 14:51,
22,1022,เขตภาษีเจริญ   ,,10160,1,T,,3/1/2015 14:51,
23,1023,เขตหนองแขม   ,,10160,1,T,,3/1/2015 14:51,
24,1024,เขตราษฎร์บูรณะ   ,,10140,1,T,,3/1/2015 14:51,
25,1025,เขตบางพลัด   ,,10700,1,T,,3/1/2015 14:51,
26,1026,เขตดินแดง   ,,10400,1,T,,3/1/2015 14:51,
27,1027,เขตบึงกุ่ม   ,,10240,1,T,,3/1/2015 14:51,
28,1028,เขตสาทร   ,,10120,1,T,,3/1/2015 14:51,
29,1029,เขตบางซื่อ   ,,10800,1,T,,3/1/2015 14:51,
30,1030,เขตจตุจักร   ,,10900,1,T,,3/1/2015 14:51,
31,1031,เขตบางคอแหลม   ,,10120,1,T,,3/1/2015 14:51,
32,1032,เขตประเวศ   ,,10250,1,T,,3/1/2015 14:51,
33,1033,เขตคลองเตย   ,,10110,1,T,,3/1/2015 14:51,
34,1034,เขตสวนหลวง   ,,10250,1,T,,3/1/2015 14:51,
35,1035,เขตจอมทอง   ,,10150,1,T,,3/1/2015 14:51,
36,1036,เขตดอนเมือง   ,,10210,1,T,,3/1/2015 14:51,
37,1037,เขตราชเทวี   ,,10400,1,T,,3/1/2015 14:51,
38,1038,เขตลาดพร้าว   ,,10230,1,T,,3/1/2015 14:51,
39,1039,เขตวัฒนา   ,,10110,1,T,,3/1/2015 14:51,
40,1040,เขตบางแค   ,,10160,1,T,,3/1/2015 14:51,
41,1041,เขตหลักสี่   ,,10210,1,T,,3/1/2015 14:51,
42,1042,เขตสายไหม   ,,10220,1,T,,3/1/2015 14:51,
43,1043,เขตคันนายาว   ,,10230,1,T,,3/1/2015 14:51,
44,1044,เขตสะพานสูง   ,,10240,1,T,,3/1/2015 14:51,
45,1045,เขตวังทองหลาง   ,,10310,1,T,,3/1/2015 14:51,
46,1046,เขตคลองสามวา   ,,10510,1,T,,3/1/2015 14:51,
47,1047,เขตบางนา   ,,10260,1,T,,3/1/2015 14:51,
48,1048,เขตทวีวัฒนา   ,,10170,1,T,,3/1/2015 14:51,
49,1049,เขตทุ่งครุ   ,,10140,1,T,,3/1/2015 14:51,
50,1050,เขตบางบอน   ,,10150,1,T,,3/1/2015 14:51,
52,1101,เมืองสมุทรปราการ   ,,10270,2,T,,3/1/2015 14:51,
53,1102,บางบ่อ   ,,10560,2,T,,3/1/2015 14:51,
54,1103,บางพลี   ,,10540,2,T,,3/1/2015 14:51,
55,1104,พระประแดง   ,,10130,2,T,,3/1/2015 14:51,
56,1105,พระสมุทรเจดีย์   ,,10290,2,T,,3/1/2015 14:51,
57,1106,บางเสาธง   ,,10540,2,T,,3/1/2015 14:51,
58,1201,เมืองนนทบุรี   ,,11000,3,T,,3/1/2015 14:51,
59,1202,บางกรวย   ,,11130,3,T,,3/1/2015 14:51,
60,1203,บางใหญ่   ,,11140,3,T,,3/1/2015 14:51,
61,1204,บางบัวทอง   ,,11110,3,T,,3/1/2015 14:51,
62,1205,ไทรน้อย   ,,11150,3,T,,3/1/2015 14:51,
63,1206,ปากเกร็ด   ,,11120,3,T,,3/1/2015 14:51,
66,1301,เมืองปทุมธานี   ,,12000,4,T,,3/1/2015 14:51,
67,1302,คลองหลวง   ,,12120,4,T,,3/1/2015 14:51,
68,1303,ธัญบุรี   ,,12110,4,T,,3/1/2015 14:51,
69,1304,หนองเสือ   ,,12170,4,T,,3/1/2015 14:51,
70,1305,ลาดหลุมแก้ว   ,,12140,4,T,,3/1/2015 14:51,
71,1306,ลำลูกกา   ,,12150,4,T,,3/1/2015 14:51,
72,1307,สามโคก   ,,12160,4,T,,3/1/2015 14:51,
74,1401,พระนครศรีอยุธยา   ,,13000,5,T,,3/1/2015 14:51,
75,1402,ท่าเรือ   ,,13130,5,T,,3/1/2015 14:51,
76,1403,นครหลวง   ,,13260,5,T,,3/1/2015 14:51,
77,1404,บางไทร   ,,13190,5,T,,3/1/2015 14:51,
78,1405,บางบาล   ,,13250,5,T,,3/1/2015 14:51,
79,1406,บางปะอิน   ,,13160,5,T,,3/1/2015 14:51,
80,1407,บางปะหัน   ,,13220,5,T,,3/1/2015 14:51,
81,1408,ผักไห่   ,,13120,5,T,,3/1/2015 14:51,
82,1409,ภาชี   ,,13140,5,T,,3/1/2015 14:51,
83,1410,ลาดบัวหลวง   ,,13230,5,T,,3/1/2015 14:51,
84,1411,วังน้อย   ,,13170,5,T,,3/1/2015 14:51,
85,1412,เสนา   ,,13110,5,T,,3/1/2015 14:51,
86,1413,บางซ้าย   ,,13270,5,T,,3/1/2015 14:51,
87,1414,อุทัย   ,,13210,5,T,,3/1/2015 14:51,
88,1415,มหาราช   ,,13150,5,T,,3/1/2015 14:51,
89,1416,บ้านแพรก   ,,13240,5,T,,3/1/2015 14:51,
90,1501,เมืองอ่างทอง   ,,14000,6,T,,3/1/2015 14:51,
91,1502,ไชโย   ,,14140,6,T,,3/1/2015 14:51,
92,1503,ป่าโมก   ,,14130,6,T,,3/1/2015 14:51,
93,1504,โพธิ์ทอง   ,,14120,6,T,,3/1/2015 14:51,
94,1505,แสวงหา   ,,14150,6,T,,3/1/2015 14:51,
95,1506,วิเศษชัยชาญ   ,,14110,6,T,,3/1/2015 14:51,
96,1507,สามโก้   ,,14160,6,T,,3/1/2015 14:51,
97,1601,เมืองลพบุรี   ,,15000,7,T,,3/1/2015 14:51,
98,1602,พัฒนานิคม   ,,15140,7,T,,3/1/2015 14:51,
99,1603,โคกสำโรง   ,,15120,7,T,,3/1/2015 14:51,
100,1604,ชัยบาดาล   ,,15130,7,T,,3/1/2015 14:51,
101,1605,ท่าวุ้ง   ,,15150,7,T,,3/1/2015 14:51,
102,1606,บ้านหมี่   ,,15110,7,T,,3/1/2015 14:51,
103,1607,ท่าหลวง   ,,15230,7,T,,3/1/2015 14:51,
104,1608,สระโบสถ์   ,,15240,7,T,,3/1/2015 14:51,
105,1609,โคกเจริญ   ,,15250,7,T,,3/1/2015 14:51,
106,1610,ลำสนธิ   ,,15190,7,T,,3/1/2015 14:51,
107,1611,หนองม่วง   ,,15170,7,T,,3/1/2015 14:51,
109,1701,เมืองสิงห์บุรี   ,,16000,8,T,,3/1/2015 14:51,
110,1702,บางระจัน   ,,16130,8,T,,3/1/2015 14:51,
111,1703,ค่ายบางระจัน   ,,16150,8,T,,3/1/2015 14:51,
112,1704,พรหมบุรี   ,,16120,8,T,,3/1/2015 14:51,
113,1705,ท่าช้าง   ,,16140,8,T,,3/1/2015 14:51,
114,1706,อินทร์บุรี   ,,16110,8,T,,3/1/2015 14:51,
115,1801,เมืองชัยนาท   ,,17000,9,T,,3/1/2015 14:51,
116,1802,มโนรมย์   ,,17110,9,T,,3/1/2015 14:51,
117,1803,วัดสิงห์   ,,17120,9,T,,3/1/2015 14:51,
118,1804,สรรพยา   ,,17150,9,T,,3/1/2015 14:51,
119,1805,สรรคบุรี   ,,17140,9,T,,3/1/2015 14:51,
120,1806,หันคา   ,,17130,9,T,,3/1/2015 14:51,
121,1807,หนองมะโมง   ,,17120,9,T,,3/1/2015 14:51,
122,1808,เนินขาม   ,,17130,9,T,,3/1/2015 14:51,
123,1901,เมืองสระบุรี   ,,18000,10,T,,3/1/2015 14:51,
124,1902,แก่งคอย   ,,18110,10,T,,3/1/2015 14:51,
125,1903,หนองแค   ,,18140,10,T,,3/1/2015 14:51,
126,1904,วิหารแดง   ,,18150,10,T,,3/1/2015 14:51,
127,1905,หนองแซง   ,,18170,10,T,,3/1/2015 14:51,
128,1906,บ้านหมอ   ,,18130,10,T,,3/1/2015 14:51,
129,1907,ดอนพุด   ,,18210,10,T,,3/1/2015 14:51,
130,1908,หนองโดน   ,,18190,10,T,,3/1/2015 14:51,
131,1909,พระพุทธบาท   ,,18120,10,T,,3/1/2015 14:51,
132,1910,เสาไห้   ,,18160,10,T,,3/1/2015 14:51,
133,1911,มวกเหล็ก   ,,18180,10,T,,3/1/2015 14:51,
134,1912,วังม่วง   ,,18220,10,T,,3/1/2015 14:51,
135,1913,เฉลิมพระเกียรติ(10-กทม.),,0,10,T,,3/1/2015 14:51,
136,2001,เมืองชลบุรี   ,,20000,11,T,,3/1/2015 14:51,
137,2002,บ้านบึง   ,,20170,11,T,,3/1/2015 14:51,
138,2003,หนองใหญ่   ,,20190,11,T,,3/1/2015 14:51,
139,2004,บางละมุง   ,,20150,11,T,,3/1/2015 14:51,
140,2005,พานทอง   ,,20160,11,T,,3/1/2015 14:51,
141,2006,พนัสนิคม   ,,20140,11,T,,3/1/2015 14:51,
142,2007,ศรีราชา   ,,20110,11,T,,3/1/2015 14:51,
143,2008,เกาะสีชัง   ,,20120,11,T,,3/1/2015 14:51,
144,2009,สัตหีบ   ,,20180,11,T,,3/1/2015 14:51,
145,2010,บ่อทอง   ,,20270,11,T,,3/1/2015 14:51,
146,2011,เกาะจันทร์   ,,20240,11,T,,3/1/2015 14:51,
147,2051,สัตหีบ (สาขาตำบลบางเสร่)   ,,20250,11,T,,3/1/2015 14:51,
148,2072,ท้องถิ่นเทศบาลเมืองหนองปรือ   ,,0,11,T,,3/1/2015 14:51,
149,2093,เทศบาลตำบลแหลมฉบัง   ,,0,11,T,,3/1/2015 14:51,
150,2099,เทศบาลเมืองชลบุรี   ,,0,11,T,,3/1/2015 14:51,
151,2101,เมืองระยอง   ,,21000,12,T,,3/1/2015 14:51,
152,2102,บ้านฉาง   ,,21130,12,T,,3/1/2015 14:51,
153,2103,แกลง   ,,21110,12,T,,3/1/2015 14:51,
154,2104,วังจันทร์   ,,21210,12,T,,3/1/2015 14:51,
155,2105,บ้านค่าย   ,,21120,12,T,,3/1/2015 14:51,
156,2106,ปลวกแดง   ,,21140,12,T,,3/1/2015 14:51,
157,2107,เขาชะเมา   ,,21110,12,T,,3/1/2015 14:51,
158,2108,นิคมพัฒนา   ,,21180,12,T,,3/1/2015 14:51,
159,2151,สาขาตำบลมาบข่า   ,,0,12,T,,3/1/2015 14:51,
160,2201,เมืองจันทบุรี   ,,22000,13,T,,3/1/2015 14:51,
161,2202,ขลุง   ,,22110,13,T,,3/1/2015 14:51,
162,2203,ท่าใหม่   ,,22120,13,T,,3/1/2015 14:51,
163,2204,โป่งน้ำร้อน   ,,22140,13,T,,3/1/2015 14:51,
164,2205,มะขาม   ,,22150,13,T,,3/1/2015 14:51,
165,2206,แหลมสิงห์   ,,22130,13,T,,3/1/2015 14:51,
166,2207,สอยดาว   ,,22180,13,T,,3/1/2015 14:51,
167,2208,แก่งหางแมว   ,,22160,13,T,,3/1/2015 14:51,
168,2209,นายายอาม   ,,22160,13,T,,3/1/2015 14:51,
169,2210,เขาคิชฌกูฏ   ,,22210,13,T,,3/1/2015 14:51,
170,2281,กิ่ง อ.กำพุธ  จ.จันทบุรี   ,,0,13,T,,3/1/2015 14:51,
171,2301,เมืองตราด   ,,23000,14,T,,3/1/2015 14:51,
172,2302,คลองใหญ่   ,,23110,14,T,,3/1/2015 14:51,
173,2303,เขาสมิง   ,,23130,14,T,,3/1/2015 14:51,
174,2304,บ่อไร่   ,,23140,14,T,,3/1/2015 14:51,
175,2305,แหลมงอบ   ,,23120,14,T,,3/1/2015 14:51,
176,2306,เกาะกูด   ,,23000,14,T,,3/1/2015 14:51,
177,2307,เกาะช้าง   ,,23170,14,T,,3/1/2015 14:51,
178,2401,เมืองฉะเชิงเทรา   ,,24000,15,T,,3/1/2015 14:51,
179,2402,บางคล้า   ,,24110,15,T,,3/1/2015 14:51,
180,2403,บางน้ำเปรี้ยว   ,,24150,15,T,,3/1/2015 14:51,
181,2404,บางปะกง   ,,24130,15,T,,3/1/2015 14:51,
182,2405,บ้านโพธิ์   ,,24140,15,T,,3/1/2015 14:51,
183,2406,พนมสารคาม   ,,24120,15,T,,3/1/2015 14:51,
184,2407,ราชสาส์น   ,,24120,15,T,,3/1/2015 14:51,
185,2408,สนามชัยเขต   ,,24160,15,T,,3/1/2015 14:51,
186,2409,แปลงยาว   ,,24190,15,T,,3/1/2015 14:51,
187,2410,ท่าตะเกียบ   ,,24160,15,T,,3/1/2015 14:51,
188,2411,คลองเขื่อน   ,,24000,15,T,,3/1/2015 14:51,
189,2501,เมืองปราจีนบุรี   ,,25000,16,T,,3/1/2015 14:51,
190,2502,กบินทร์บุรี   ,,25110,16,T,,3/1/2015 14:51,
191,2503,นาดี   ,,25220,16,T,,3/1/2015 14:51,
192,2504,สระแก้ว   ,,0,16,T,,3/1/2015 14:51,
193,2505,วังน้ำเย็น   ,,0,16,T,,3/1/2015 14:51,
194,2506,บ้านสร้าง   ,,25150,16,T,,3/1/2015 14:51,
195,2507,ประจันตคาม   ,,25130,16,T,,3/1/2015 14:51,
196,2508,ศรีมหาโพธิ   ,,25140,16,T,,3/1/2015 14:51,
197,2509,ศรีมโหสถ   ,,25190,16,T,,3/1/2015 14:51,
198,2510,อรัญประเทศ   ,,0,16,T,,3/1/2015 14:51,
199,2511,ตาพระยา   ,,0,16,T,,3/1/2015 14:51,
200,2512,วัฒนานคร   ,,0,16,T,,3/1/2015 14:51,
201,2513,คลองหาด   ,,0,16,T,,3/1/2015 14:51,
202,2601,เมืองนครนายก   ,,26000,17,T,,3/1/2015 14:51,
203,2602,ปากพลี   ,,26130,17,T,,3/1/2015 14:51,
204,2603,บ้านนา   ,,26110,17,T,,3/1/2015 14:51,
205,2604,องครักษ์   ,,26120,17,T,,3/1/2015 14:51,
206,2701,เมืองสระแก้ว   ,,27000,18,T,,3/1/2015 14:51,
207,2702,คลองหาด   ,,27260,18,T,,3/1/2015 14:51,
208,2703,ตาพระยา   ,,27180,18,T,,3/1/2015 14:51,
209,2704,วังน้ำเย็น   ,,27210,18,T,,3/1/2015 14:51,
210,2705,วัฒนานคร   ,,27160,18,T,,3/1/2015 14:51,
211,2706,อรัญประเทศ   ,,27120,18,T,,3/1/2015 14:51,
212,2707,เขาฉกรรจ์   ,,27000,18,T,,3/1/2015 14:51,
213,2708,โคกสูง   ,,27120,18,T,,3/1/2015 14:51,
214,2709,วังสมบูรณ์   ,,27250,18,T,,3/1/2015 14:51,
215,3001,เมืองนครราชสีมา   ,,30000,19,T,,3/1/2015 14:51,
216,3002,ครบุรี   ,,30250,19,T,,3/1/2015 14:51,
217,3003,เสิงสาง   ,,30330,19,T,,3/1/2015 14:51,
218,3004,คง   ,,30260,19,T,,3/1/2015 14:51,
219,3005,บ้านเหลื่อม   ,,30350,19,T,,3/1/2015 14:51,
220,3006,จักราช   ,,30230,19,T,,3/1/2015 14:51,
221,3007,โชคชัย   ,,30190,19,T,,3/1/2015 14:51,
222,3008,ด่านขุนทด   ,,30210,19,T,,3/1/2015 14:51,
223,3009,โนนไทย   ,,30220,19,T,,3/1/2015 14:51,
224,3010,โนนสูง   ,,30160,19,T,,3/1/2015 14:51,
225,3011,ขามสะแกแสง   ,,30290,19,T,,3/1/2015 14:51,
226,3012,บัวใหญ่   ,,30120,19,T,,3/1/2015 14:51,
227,3013,ประทาย   ,,30180,19,T,,3/1/2015 14:51,
228,3014,ปักธงชัย   ,,30150,19,T,,3/1/2015 14:51,
229,3015,พิมาย   ,,30110,19,T,,3/1/2015 14:51,
230,3016,ห้วยแถลง   ,,30240,19,T,,3/1/2015 14:51,
231,3017,ชุมพวง   ,,30270,19,T,,3/1/2015 14:51,
232,3018,สูงเนิน   ,,30170,19,T,,3/1/2015 14:51,
233,3019,ขามทะเลสอ   ,,30280,19,T,,3/1/2015 14:51,
234,3020,สีคิ้ว   ,,30140,19,T,,3/1/2015 14:51,
235,3021,ปากช่อง   ,,30130,19,T,,3/1/2015 14:51,
236,3022,หนองบุญมาก   ,,30410,19,T,,3/1/2015 14:51,
237,3023,แก้งสนามนาง   ,,30440,19,T,,3/1/2015 14:51,
238,3024,โนนแดง   ,,30360,19,T,,3/1/2015 14:51,
239,3025,วังน้ำเขียว   ,,30370,19,T,,3/1/2015 14:51,
240,3026,เทพารักษ์   ,,30210,19,T,,3/1/2015 14:51,
241,3027,เมืองยาง   ,,30270,19,T,,3/1/2015 14:51,
242,3028,พระทองคำ   ,,30220,19,T,,3/1/2015 14:51,
243,3029,ลำทะเมนชัย   ,,30270,19,T,,3/1/2015 14:51,
244,3030,บัวลาย   ,,30120,19,T,,3/1/2015 14:51,
245,3031,สีดา   ,,30430,19,T,,3/1/2015 14:51,
246,3032,เฉลิมพระเกียรติ(สระบุรี),,18000,19,T,,3/1/2015 14:51,
247,3049,ท้องถิ่นเทศบาลตำบลโพธิ์กลาง   ,,0,19,T,,3/1/2015 14:51,
248,3051,สาขาตำบลมะค่า-พลสงคราม   ,,0,19,T,,3/1/2015 14:51,
249,3081,โนนลาว   ,,0,19,T,,3/1/2015 14:51,
250,3101,เมืองบุรีรัมย์   ,,31000,20,T,,3/1/2015 14:51,
251,3102,คูเมือง   ,,31190,20,T,,3/1/2015 14:51,
252,3103,กระสัง,,31160,20,T,,3/1/2015 14:51,
253,3104,นางรอง   ,,31110,20,T,,3/1/2015 14:51,
254,3105,หนองกี่   ,,31210,20,T,,3/1/2015 14:51,
255,3106,ละหานทราย   ,,31170,20,T,,3/1/2015 14:51,
256,3107,ประโคนชัย   ,,31140,20,T,,3/1/2015 14:51,
257,3108,บ้านกรวด   ,,31180,20,T,,3/1/2015 14:51,
258,3109,พุทไธสง   ,,31120,20,T,,3/1/2015 14:51,
259,3110,ลำปลายมาศ   ,,31130,20,T,,3/1/2015 14:51,
260,3111,สตึก   ,,31150,20,T,,3/1/2015 14:51,
261,3112,ปะคำ   ,,31220,20,T,,3/1/2015 14:51,
262,3113,นาโพธิ์   ,,31230,20,T,,3/1/2015 14:51,
263,3114,หนองหงส์   ,,31240,20,T,,3/1/2015 14:51,
264,3115,พลับพลาชัย   ,,31250,20,T,,3/1/2015 14:51,
265,3116,ห้วยราช   ,,31000,20,T,,3/1/2015 14:51,
266,3117,โนนสุวรรณ   ,,31110,20,T,,3/1/2015 14:51,
267,3118,ชำนิ   ,,31110,20,T,,3/1/2015 14:51,
268,3119,บ้านใหม่ไชยพจน์   ,,31120,20,T,,3/1/2015 14:51,
269,3120,โนนดินแดง   ,,31260,20,T,,3/1/2015 14:51,
270,3121,บ้านด่าน   ,,31000,20,T,,3/1/2015 14:51,
271,3122,แคนดง   ,,31150,20,T,,3/1/2015 14:51,
272,3123,เฉลิมพระเกียรติ(20-ชลบุรี),,0,20,T,,3/1/2015 14:51,
273,3201,เมืองสุรินทร์   ,,32000,21,T,,3/1/2015 14:51,
274,3202,ชุมพลบุรี   ,,32190,21,T,,3/1/2015 14:51,
275,3203,ท่าตูม   ,,32120,21,T,,3/1/2015 14:51,
276,3204,จอมพระ   ,,32180,21,T,,3/1/2015 14:51,
277,3205,ปราสาท   ,,32140,21,T,,3/1/2015 14:51,
278,3206,กาบเชิง   ,,32210,21,T,,3/1/2015 14:51,
279,3207,รัตนบุรี   ,,32130,21,T,,3/1/2015 14:51,
280,3208,สนม   ,,32160,21,T,,3/1/2015 14:51,
281,3209,ศีขรภูมิ   ,,32110,21,T,,3/1/2015 14:51,
282,3210,สังขะ   ,,32150,21,T,,3/1/2015 14:51,
283,3211,ลำดวน   ,,32220,21,T,,3/1/2015 14:51,
284,3212,สำโรงทาบ   ,,32170,21,T,,3/1/2015 14:51,
285,3213,บัวเชด   ,,32230,21,T,,3/1/2015 14:51,
286,3214,พนมดงรัก   ,,32140,21,T,,3/1/2015 14:51,
287,3215,ศรีณรงค์   ,,32150,21,T,,3/1/2015 14:51,
288,3216,เขวาสินรินทร์   ,,32000,21,T,,3/1/2015 14:51,
289,3217,โนนนารายณ์   ,,32130,21,T,,3/1/2015 14:51,
290,3301,เมืองศรีสะเกษ   ,,33000,22,T,,3/1/2015 14:51,
291,3302,ยางชุมน้อย   ,,33190,22,T,,3/1/2015 14:51,
292,3303,กันทรารมย์   ,,33130,22,T,,3/1/2015 14:51,
293,3304,กันทรลักษ์   ,,33110,22,T,,3/1/2015 14:51,
294,3305,ขุขันธ์   ,,33140,22,T,,3/1/2015 14:51,
295,3306,ไพรบึง   ,,33180,22,T,,3/1/2015 14:51,
296,3307,ปรางค์กู่   ,,33170,22,T,,3/1/2015 14:51,
297,3308,ขุนหาญ   ,,33150,22,T,,3/1/2015 14:51,
298,3309,ราษีไศล   ,,33160,22,T,,3/1/2015 14:51,
299,3310,อุทุมพรพิสัย   ,,33120,22,T,,3/1/2015 14:51,
300,3311,บึงบูรพ์   ,,33220,22,T,,3/1/2015 14:51,
301,3312,ห้วยทับทัน   ,,33210,22,T,,3/1/2015 14:51,
302,3313,โนนคูณ   ,,33250,22,T,,3/1/2015 14:51,
303,3314,ศรีรัตนะ   ,,33240,22,T,,3/1/2015 14:51,
304,3315,น้ำเกลี้ยง   ,,33130,22,T,,3/1/2015 14:51,
305,3316,วังหิน   ,,33270,22,T,,3/1/2015 14:51,
306,3317,ภูสิงห์   ,,33140,22,T,,3/1/2015 14:51,
307,3318,เมืองจันทร์   ,,33120,22,T,,3/1/2015 14:51,
308,3319,เบญจลักษ์   ,,33110,22,T,,3/1/2015 14:51,
309,3320,พยุห์   ,,33230,22,T,,3/1/2015 14:51,
310,3321,โพธิ์ศรีสุวรรณ   ,,33120,22,T,,3/1/2015 14:51,
311,3322,ศิลาลาด   ,,33160,22,T,,3/1/2015 14:51,
312,3401,เมืองอุบลราชธานี   ,,34000,23,T,,3/1/2015 14:51,
313,3402,ศรีเมืองใหม่   ,,34250,23,T,,3/1/2015 14:51,
314,3403,โขงเจียม   ,,34220,23,T,,3/1/2015 14:51,
315,3404,เขื่องใน   ,,34150,23,T,,3/1/2015 14:51,
316,3405,เขมราฐ   ,,34170,23,T,,3/1/2015 14:51,
317,3406,ชานุมาน   ,,0,23,T,,3/1/2015 14:51,
318,3407,เดชอุดม   ,,34160,23,T,,3/1/2015 14:51,
319,3408,นาจะหลวย   ,,34280,23,T,,3/1/2015 14:51,
320,3409,น้ำยืน   ,,34260,23,T,,3/1/2015 14:51,
321,3410,บุณฑริก   ,,34230,23,T,,3/1/2015 14:51,
322,3411,ตระการพืชผล   ,,34130,23,T,,3/1/2015 14:51,
323,3412,กุดข้าวปุ้น   ,,34270,23,T,,3/1/2015 14:51,
324,3413,พนา   ,,0,23,T,,3/1/2015 14:51,
325,3414,ม่วงสามสิบ   ,,34140,23,T,,3/1/2015 14:51,
326,3415,วารินชำราบ   ,,34190,23,T,,3/1/2015 14:51,
327,3416,อำนาจเจริญ   ,,0,23,T,,3/1/2015 14:51,
328,3417,เสนางคนิคม   ,,0,23,T,,3/1/2015 14:51,
329,3418,หัวตะพาน   ,,0,23,T,,3/1/2015 14:51,
330,3419,พิบูลมังสาหาร   ,,34110,23,T,,3/1/2015 14:51,
331,3420,ตาลสุม   ,,34330,23,T,,3/1/2015 14:51,
332,3421,โพธิ์ไทร   ,,34340,23,T,,3/1/2015 14:51,
333,3422,สำโรง   ,,34360,23,T,,3/1/2015 14:51,
334,3423,กิ่งอำเภอลืออำนาจ   ,,0,23,T,,3/1/2015 14:51,
335,3424,ดอนมดแดง   ,,34000,23,T,,3/1/2015 14:51,
336,3425,สิรินธร   ,,34350,23,T,,3/1/2015 14:51,
337,3426,ทุ่งศรีอุดม   ,,34160,23,T,,3/1/2015 14:51,
338,3427,ปทุมราชวงศา   ,,0,23,T,,3/1/2015 14:51,
339,3428,กิ่งอำเภอศรีหลักชัย   ,,0,23,T,,3/1/2015 14:51,
340,3429,นาเยีย   ,,34160,23,T,,3/1/2015 14:51,
341,3430,นาตาล   ,,34170,23,T,,3/1/2015 14:51,
342,3431,เหล่าเสือโก้ก   ,,34000,23,T,,3/1/2015 14:51,
343,3432,สว่างวีระวงศ์   ,,34190,23,T,,3/1/2015 14:51,
344,3433,น้ำขุ่น   ,,34260,23,T,,3/1/2015 14:51,
345,3481,อ.สุวรรณวารี  จ.อุบลราชธานี   ,,0,23,T,,3/1/2015 14:51,
346,3501,เมืองยโสธร   ,,35000,24,T,,3/1/2015 14:51,
347,3502,ทรายมูล   ,,35170,24,T,,3/1/2015 14:51,
348,3503,กุดชุม   ,,35140,24,T,,3/1/2015 14:51,
349,3504,คำเขื่อนแก้ว   ,,35110,24,T,,3/1/2015 14:51,
350,3505,ป่าติ้ว   ,,35150,24,T,,3/1/2015 14:51,
351,3506,มหาชนะชัย   ,,35130,24,T,,3/1/2015 14:51,
352,3507,ค้อวัง   ,,35160,24,T,,3/1/2015 14:51,
353,3508,เลิงนกทา   ,,35120,24,T,,3/1/2015 14:51,
354,3509,ไทยเจริญ   ,,35120,24,T,,3/1/2015 14:51,
355,3601,เมืองชัยภูมิ   ,,36000,25,T,,3/1/2015 14:51,
356,3602,บ้านเขว้า   ,,36170,25,T,,3/1/2015 14:51,
357,3603,คอนสวรรค์   ,,36140,25,T,,3/1/2015 14:51,
358,3604,เกษตรสมบูรณ์   ,,36120,25,T,,3/1/2015 14:51,
359,3605,หนองบัวแดง   ,,36210,25,T,,3/1/2015 14:51,
360,3606,จัตุรัส   ,,36130,25,T,,3/1/2015 14:51,
361,3607,บำเหน็จณรงค์   ,,36160,25,T,,3/1/2015 14:51,
362,3608,หนองบัวระเหว   ,,36250,25,T,,3/1/2015 14:51,
363,3609,เทพสถิต   ,,36230,25,T,,3/1/2015 14:51,
364,3610,ภูเขียว   ,,36110,25,T,,3/1/2015 14:51,
365,3611,บ้านแท่น   ,,36190,25,T,,3/1/2015 14:51,
366,3612,แก้งคร้อ   ,,36150,25,T,,3/1/2015 14:51,
367,3613,คอนสาร   ,,36180,25,T,,3/1/2015 14:51,
368,3614,ภักดีชุมพล   ,,36260,25,T,,3/1/2015 14:51,
369,3615,เนินสง่า   ,,36130,25,T,,3/1/2015 14:51,
370,3616,ซับใหญ่   ,,36130,25,T,,3/1/2015 14:51,
371,3651,เมืองชัยภูมิ (สาขาตำบลโนนสำราญ)   ,,0,25,T,,3/1/2015 14:51,
372,3652,สาขาตำบลบ้านหว่าเฒ่า   ,,0,25,T,,3/1/2015 14:51,
373,3653,หนองบัวแดง (สาขาตำบลวังชมภู)   ,,0,25,T,,3/1/2015 14:51,
374,3654,กิ่งอำเภอซับใหญ่ (สาขาตำบลซับใหญ่)   ,,0,25,T,,3/1/2015 14:51,
375,3655,สาขาตำบลโคกเพชร   ,,0,25,T,,3/1/2015 14:51,
376,3656,เทพสถิต (สาขาตำบลนายางกลัก)   ,,0,25,T,,3/1/2015 14:51,
377,3657,บ้านแท่น (สาขาตำบลบ้านเต่า)   ,,0,25,T,,3/1/2015 14:51,
378,3658,แก้งคร้อ (สาขาตำบลท่ามะไฟหวาน)   ,,0,25,T,,3/1/2015 14:51,
379,3659,คอนสาร (สาขาตำบลโนนคูณ)   ,,0,25,T,,3/1/2015 14:51,
380,3701,เมืองอำนาจเจริญ   ,,37000,26,T,,3/1/2015 14:51,
381,3702,ชานุมาน   ,,37210,26,T,,3/1/2015 14:51,
382,3703,ปทุมราชวงศา   ,,37110,26,T,,3/1/2015 14:51,
383,3704,พนา   ,,37180,26,T,,3/1/2015 14:51,
384,3705,เสนางคนิคม   ,,37290,26,T,,3/1/2015 14:51,
385,3706,หัวตะพาน   ,,37240,26,T,,3/1/2015 14:51,
386,3707,ลืออำนาจ   ,,37000,26,T,,3/1/2015 14:51,
387,3901,เมืองหนองบัวลำภู   ,,39000,27,T,,3/1/2015 14:51,
388,3902,นากลาง   ,,39170,27,T,,3/1/2015 14:51,
389,3903,โนนสัง   ,,39140,27,T,,3/1/2015 14:51,
390,3904,ศรีบุญเรือง   ,,39180,27,T,,3/1/2015 14:51,
391,3905,สุวรรณคูหา   ,,39270,27,T,,3/1/2015 14:51,
392,3906,นาวัง   ,,39170,27,T,,3/1/2015 14:51,
393,4001,เมืองขอนแก่น   ,,40000,28,T,,3/1/2015 14:51,
394,4002,บ้านฝาง   ,,40270,28,T,,3/1/2015 14:51,
395,4003,พระยืน   ,,40320,28,T,,3/1/2015 14:51,
396,4004,หนองเรือ   ,,40210,28,T,,3/1/2015 14:51,
397,4005,ชุมแพ   ,,40130,28,T,,3/1/2015 14:51,
398,4006,สีชมพู   ,,40220,28,T,,3/1/2015 14:51,
399,4007,น้ำพอง   ,,40140,28,T,,3/1/2015 14:51,
400,4008,อุบลรัตน์   ,,40250,28,T,,3/1/2015 14:51,
401,4009,กระนวน   ,,40170,28,T,,3/1/2015 14:51,
402,4010,บ้านไผ่   ,,40110,28,T,,3/1/2015 14:51,
403,4011,เปือยน้อย   ,,40340,28,T,,3/1/2015 14:51,
404,4012,พล   ,,40120,28,T,,3/1/2015 14:51,
405,4013,แวงใหญ่   ,,40330,28,T,,3/1/2015 14:51,
406,4014,แวงน้อย   ,,40230,28,T,,3/1/2015 14:51,
407,4015,หนองสองห้อง   ,,40190,28,T,,3/1/2015 14:51,
408,4016,ภูเวียง   ,,40150,28,T,,3/1/2015 14:51,
409,4017,มัญจาคีรี   ,,40160,28,T,,3/1/2015 14:51,
410,4018,ชนบท   ,,40180,28,T,,3/1/2015 14:51,
411,4019,เขาสวนกวาง   ,,40280,28,T,,3/1/2015 14:51,
412,4020,ภูผาม่าน   ,,40350,28,T,,3/1/2015 14:51,
413,4021,ซำสูง   ,,40170,28,T,,3/1/2015 14:51,
414,4022,โคกโพธิ์ไชย   ,,40160,28,T,,3/1/2015 14:51,
415,4023,หนองนาคำ   ,,40150,28,T,,3/1/2015 14:51,
416,4024,บ้านแฮด   ,,40110,28,T,,3/1/2015 14:51,
417,4025,โนนศิลา   ,,0,28,T,,3/1/2015 14:51,
418,4029,เวียงเก่า   ,,40150,28,T,,3/1/2015 14:51,
419,4068,ท้องถิ่นเทศบาลตำบลบ้านเป็ด   ,,0,28,T,,3/1/2015 14:51,
420,4098,เทศบาลตำบลเมืองพล   ,,0,28,T,,3/1/2015 14:51,
421,4101,เมืองอุดรธานี   ,,41000,29,T,,3/1/2015 14:51,
422,4102,กุดจับ   ,,41250,29,T,,3/1/2015 14:51,
423,4103,หนองวัวซอ   ,,41220,29,T,,3/1/2015 14:51,
424,4104,กุมภวาปี   ,,41110,29,T,,3/1/2015 14:51,
425,4105,โนนสะอาด   ,,41240,29,T,,3/1/2015 14:51,
426,4106,หนองหาน   ,,41130,29,T,,3/1/2015 14:51,
427,4107,ทุ่งฝน   ,,41310,29,T,,3/1/2015 14:51,
428,4108,ไชยวาน   ,,41290,29,T,,3/1/2015 14:51,
429,4109,ศรีธาตุ   ,,41230,29,T,,3/1/2015 14:51,
430,4110,วังสามหมอ   ,,41280,29,T,,3/1/2015 14:51,
431,4111,บ้านดุง   ,,41190,29,T,,3/1/2015 14:51,
432,4112,หนองบัวลำภู   ,,0,29,T,,3/1/2015 14:51,
433,4113,ศรีบุญเรือง   ,,0,29,T,,3/1/2015 14:51,
434,4114,นากลาง   ,,0,29,T,,3/1/2015 14:51,
435,4115,สุวรรณคูหา   ,,0,29,T,,3/1/2015 14:51,
436,4116,โนนสัง   ,,0,29,T,,3/1/2015 14:51,
437,4117,บ้านผือ   ,,41160,29,T,,3/1/2015 14:51,
438,4118,น้ำโสม   ,,41210,29,T,,3/1/2015 14:51,
439,4119,เพ็ญ   ,,41150,29,T,,3/1/2015 14:51,
440,4120,สร้างคอม   ,,41260,29,T,,3/1/2015 14:51,
441,4121,หนองแสง   ,,41340,29,T,,3/1/2015 14:51,
442,4122,นายูง   ,,41380,29,T,,3/1/2015 14:51,
443,4123,พิบูลย์รักษ์   ,,41130,29,T,,3/1/2015 14:51,
444,4124,กู่แก้ว   ,,41130,29,T,,3/1/2015 14:51,
445,4125,ประจักษ์ศิลปาคม   ,,41110,29,T,,3/1/2015 14:51,
446,4201,เมืองเลย   ,,42000,30,T,,3/1/2015 14:51,
447,4202,นาด้วง   ,,42210,30,T,,3/1/2015 14:51,
448,4203,เชียงคาน   ,,42110,30,T,,3/1/2015 14:51,
449,4204,ปากชม   ,,42150,30,T,,3/1/2015 14:51,
450,4205,ด่านซ้าย   ,,42120,30,T,,3/1/2015 14:51,
451,4206,นาแห้ว   ,,42170,30,T,,3/1/2015 14:51,
452,4207,ภูเรือ   ,,42160,30,T,,3/1/2015 14:51,
453,4208,ท่าลี่   ,,42140,30,T,,3/1/2015 14:51,
454,4209,วังสะพุง   ,,42130,30,T,,3/1/2015 14:51,
455,4210,ภูกระดึง   ,,42180,30,T,,3/1/2015 14:51,
456,4211,ภูหลวง   ,,42230,30,T,,3/1/2015 14:51,
457,4212,ผาขาว   ,,42240,30,T,,3/1/2015 14:51,
458,4213,เอราวัณ   ,,42220,30,T,,3/1/2015 14:51,
459,4214,หนองหิน   ,,42190,30,T,,3/1/2015 14:51,
460,4301,เมืองหนองคาย   ,,43000,31,T,,3/1/2015 14:51,
461,4302,ท่าบ่อ   ,,43110,31,T,,3/1/2015 14:51,
462,4303,เมืองบึงกาฬ   ,,38000,97,T,,3/1/2015 14:51,
463,4304,พรเจริญ   ,,38180,97,T,,3/1/2015 14:51,
464,4305,โพนพิสัย   ,,43120,31,T,,3/1/2015 14:51,
465,4306,โซ่พิสัย   ,,38170,97,T,,3/1/2015 14:51,
466,4307,ศรีเชียงใหม่   ,,43130,31,T,,3/1/2015 14:51,
467,4308,สังคม   ,,43160,31,T,,3/1/2015 14:51,
468,4309,เซกา   ,,38150,97,T,,3/1/2015 14:51,
469,4310,ปากคาด   ,,38190,97,T,,3/1/2015 14:51,
470,4311,บึงโขงหลง   ,,38220,97,T,,3/1/2015 14:51,
471,4312,ศรีวิไล   ,,38210,97,T,,3/1/2015 14:51,
472,4313,บุ่งคล้า   ,,38000,97,T,,3/1/2015 14:51,
473,4314,สระใคร   ,,43100,31,T,,3/1/2015 14:51,
474,4315,เฝ้าไร่   ,,43120,31,T,,3/1/2015 14:51,
475,4316,รัตนวาปี   ,,43120,31,T,,3/1/2015 14:51,
476,4317,โพธิ์ตาก   ,,43130,31,T,,3/1/2015 14:51,
477,4401,เมืองมหาสารคาม   ,,44000,32,T,,3/1/2015 14:51,
478,4402,แกดำ   ,,44190,32,T,,3/1/2015 14:51,
479,4403,โกสุมพิสัย   ,,44140,32,T,,3/1/2015 14:51,
480,4404,กันทรวิชัย   ,,44150,32,T,,3/1/2015 14:51,
481,4405,เชียงยืน   ,,44160,32,T,,3/1/2015 14:51,
482,4406,บรบือ   ,,44130,32,T,,3/1/2015 14:51,
483,4407,นาเชือก   ,,44170,32,T,,3/1/2015 14:51,
484,4408,พยัคฆภูมิพิสัย   ,,44110,32,T,,3/1/2015 14:51,
485,4409,วาปีปทุม   ,,44120,32,T,,3/1/2015 14:51,
486,4410,นาดูน   ,,44180,32,T,,3/1/2015 14:51,
487,4411,ยางสีสุราช   ,,44210,32,T,,3/1/2015 14:51,
488,4412,กุดรัง   ,,44130,32,T,,3/1/2015 14:51,
489,4413,ชื่นชม   ,,44160,32,T,,3/1/2015 14:51,
490,4481,หลุบ   ,,0,32,T,,3/1/2015 14:51,
491,4501,เมืองร้อยเอ็ด   ,,45000,33,T,,3/1/2015 14:51,
492,4502,เกษตรวิสัย   ,,45150,33,T,,3/1/2015 14:51,
493,4503,ปทุมรัตต์   ,,45190,33,T,,3/1/2015 14:51,
494,4504,จตุรพักตรพิมาน   ,,45180,33,T,,3/1/2015 14:51,
495,4505,ธวัชบุรี   ,,45170,33,T,,3/1/2015 14:51,
496,4506,พนมไพร   ,,45140,33,T,,3/1/2015 14:51,
497,4507,โพนทอง   ,,45110,33,T,,3/1/2015 14:51,
498,4508,โพธิ์ชัย   ,,45230,33,T,,3/1/2015 14:51,
499,4509,หนองพอก   ,,45210,33,T,,3/1/2015 14:51,
500,4510,เสลภูมิ   ,,45120,33,T,,3/1/2015 14:51,
501,4511,สุวรรณภูมิ   ,,45130,33,T,,3/1/2015 14:51,
502,4512,เมืองสรวง   ,,45220,33,T,,3/1/2015 14:51,
503,4513,โพนทราย   ,,45240,33,T,,3/1/2015 14:51,
504,4514,อาจสามารถ   ,,45160,33,T,,3/1/2015 14:51,
505,4515,เมยวดี   ,,45250,33,T,,3/1/2015 14:51,
506,4516,ศรีสมเด็จ   ,,45260,33,T,,3/1/2015 14:51,
507,4517,จังหาร   ,,45270,33,T,,3/1/2015 14:51,
508,4518,เชียงขวัญ   ,,45000,33,T,,3/1/2015 14:51,
509,4519,หนองฮี   ,,45140,33,T,,3/1/2015 14:51,
510,4520,ทุ่งเขาหลวง   ,,45170,33,T,,3/1/2015 14:51,
511,4601,เมืองกาฬสินธุ์   ,,46000,34,T,,3/1/2015 14:51,
512,4602,นามน   ,,46230,34,T,,3/1/2015 14:51,
513,4603,กมลาไสย   ,,46130,34,T,,3/1/2015 14:51,
514,4604,ร่องคำ   ,,46210,34,T,,3/1/2015 14:51,
515,4605,กุฉินารายณ์   ,,46110,34,T,,3/1/2015 14:51,
516,4606,เขาวง   ,,46160,34,T,,3/1/2015 14:51,
517,4607,ยางตลาด   ,,46120,34,T,,3/1/2015 14:51,
518,4608,ห้วยเม็ก   ,,46170,34,T,,3/1/2015 14:51,
519,4609,สหัสขันธ์   ,,46140,34,T,,3/1/2015 14:51,
520,4610,คำม่วง   ,,46180,34,T,,3/1/2015 14:51,
521,4611,ท่าคันโท   ,,46190,34,T,,3/1/2015 14:51,
522,4612,หนองกุงศรี   ,,46220,34,T,,3/1/2015 14:51,
523,4613,สมเด็จ   ,,46150,34,T,,3/1/2015 14:51,
524,4614,ห้วยผึ้ง   ,,46240,34,T,,3/1/2015 14:51,
525,4615,สามชัย   ,,46180,34,T,,3/1/2015 14:51,
526,4616,นาคู   ,,46160,34,T,,3/1/2015 14:51,
527,4617,ดอนจาน   ,,46000,34,T,,3/1/2015 14:51,
528,4618,ฆ้องชัย   ,,46130,34,T,,3/1/2015 14:51,
529,4701,เมืองสกลนคร   ,,47000,35,T,,3/1/2015 14:51,
530,4702,กุสุมาลย์   ,,47210,35,T,,3/1/2015 14:51,
531,4703,กุดบาก   ,,47180,35,T,,3/1/2015 14:51,
532,4704,พรรณานิคม   ,,47130,35,T,,3/1/2015 14:51,
533,4705,พังโคน   ,,47160,35,T,,3/1/2015 14:51,
534,4706,วาริชภูมิ   ,,47150,35,T,,3/1/2015 14:51,
535,4707,นิคมน้ำอูน   ,,47270,35,T,,3/1/2015 14:51,
536,4708,วานรนิวาส   ,,47120,35,T,,3/1/2015 14:51,
537,4709,คำตากล้า   ,,47250,35,T,,3/1/2015 14:51,
538,4710,บ้านม่วง   ,,47140,35,T,,3/1/2015 14:51,
539,4711,อากาศอำนวย   ,,47170,35,T,,3/1/2015 14:51,
540,4712,สว่างแดนดิน   ,,47110,35,T,,3/1/2015 14:51,
541,4713,ส่องดาว   ,,47190,35,T,,3/1/2015 14:51,
542,4714,เต่างอย   ,,47260,35,T,,3/1/2015 14:51,
543,4715,โคกศรีสุพรรณ   ,,47280,35,T,,3/1/2015 14:51,
544,4716,เจริญศิลป์   ,,47290,35,T,,3/1/2015 14:51,
545,4717,โพนนาแก้ว   ,,47230,35,T,,3/1/2015 14:51,
546,4718,ภูพาน   ,,47180,35,T,,3/1/2015 14:51,
547,4751,วานรนิวาส (สาขาตำบลกุดเรือคำ)   ,,0,35,T,,3/1/2015 14:51,
548,4781,อ.บ้านหัน  จ.สกลนคร   ,,0,35,T,,3/1/2015 14:51,
549,4801,เมืองนครพนม   ,,48000,36,T,,3/1/2015 14:51,
550,4802,ปลาปาก   ,,48160,36,T,,3/1/2015 14:51,
551,4803,ท่าอุเทน   ,,48120,36,T,,3/1/2015 14:51,
552,4804,บ้านแพง   ,,48140,36,T,,3/1/2015 14:51,
553,4805,ธาตุพนม   ,,48110,36,T,,3/1/2015 14:51,
554,4806,เรณูนคร   ,,48170,36,T,,3/1/2015 14:51,
555,4807,นาแก   ,,48130,36,T,,3/1/2015 14:51,
556,4808,ศรีสงคราม   ,,48150,36,T,,3/1/2015 14:51,
557,4809,นาหว้า   ,,48180,36,T,,3/1/2015 14:51,
558,4810,โพนสวรรค์   ,,48190,36,T,,3/1/2015 14:51,
559,4811,นาทม   ,,48140,36,T,,3/1/2015 14:51,
560,4812,วังยาง   ,,48130,36,T,,3/1/2015 14:51,
561,4901,เมืองมุกดาหาร   ,,49000,37,T,,3/1/2015 14:51,
562,4902,นิคมคำสร้อย   ,,49130,37,T,,3/1/2015 14:51,
563,4903,ดอนตาล   ,,49120,37,T,,3/1/2015 14:51,
564,4904,ดงหลวง   ,,49140,37,T,,3/1/2015 14:51,
565,4905,คำชะอี   ,,49110,37,T,,3/1/2015 14:51,
566,4906,หว้านใหญ่   ,,49150,37,T,,3/1/2015 14:51,
567,4907,หนองสูง   ,,49160,37,T,,3/1/2015 14:51,
568,5001,เมืองเชียงใหม่   ,,50000,38,T,,3/1/2015 14:51,
569,5002,จอมทอง   ,,50160,38,T,,3/1/2015 14:51,
570,5003,แม่แจ่ม   ,,50270,38,T,,3/1/2015 14:51,
571,5004,เชียงดาว   ,,50170,38,T,,3/1/2015 14:51,
572,5005,ดอยสะเก็ด   ,,50220,38,T,,3/1/2015 14:51,
573,5006,แม่แตง   ,,50150,38,T,,3/1/2015 14:51,
574,5007,แม่ริม   ,,50180,38,T,,3/1/2015 14:51,
575,5008,สะเมิง   ,,50250,38,T,,3/1/2015 14:51,
576,5009,ฝาง   ,,50110,38,T,,3/1/2015 14:51,
577,5010,แม่อาย   ,,50280,38,T,,3/1/2015 14:51,
578,5011,พร้าว   ,,50190,38,T,,3/1/2015 14:51,
579,5012,สันป่าตอง   ,,50120,38,T,,3/1/2015 14:51,
580,5013,สันกำแพง   ,,50130,38,T,,3/1/2015 14:51,
581,5014,สันทราย   ,,50210,38,T,,3/1/2015 14:51,
582,5015,หางดง   ,,50230,38,T,,3/1/2015 14:51,
583,5016,ฮอด   ,,50240,38,T,,3/1/2015 14:51,
584,5017,ดอยเต่า   ,,50260,38,T,,3/1/2015 14:51,
585,5018,อมก๋อย   ,,50310,38,T,,3/1/2015 14:51,
586,5019,สารภี   ,,50140,38,T,,3/1/2015 14:51,
587,5020,เวียงแหง   ,,50350,38,T,,3/1/2015 14:51,
588,5021,ไชยปราการ   ,,50320,38,T,,3/1/2015 14:51,
589,5022,แม่วาง   ,,50360,38,T,,3/1/2015 14:51,
590,5023,แม่ออน   ,,50130,38,T,,3/1/2015 14:51,
591,5024,ดอยหล่อ   ,,50160,38,T,,3/1/2015 14:51,
592,5051,เทศบาลนครเชียงใหม่ (สาขาแขวงกาลวิละ   ,,0,38,T,,3/1/2015 14:51,
593,5052,เทศบาลนครเชียงใหม่ (สาขาแขวงศรีวิชั   ,,0,38,T,,3/1/2015 14:51,
594,5053,เทศบาลนครเชียงใหม่ (สาขาเม็งราย   ,,0,38,T,,3/1/2015 14:51,
595,5101,เมืองลำพูน   ,,51000,39,T,,3/1/2015 14:51,
596,5102,แม่ทา   ,,51140,39,T,,3/1/2015 14:51,
597,5103,บ้านโฮ่ง   ,,51130,39,T,,3/1/2015 14:51,
598,5104,ลี้   ,,51110,39,T,,3/1/2015 14:51,
599,5105,ทุ่งหัวช้าง   ,,51160,39,T,,3/1/2015 14:51,
600,5106,ป่าซาง   ,,51120,39,T,,3/1/2015 14:51,
601,5107,บ้านธิ   ,,51180,39,T,,3/1/2015 14:51,
602,5108,เวียงหนองล่อง   ,,51120,39,T,,3/1/2015 14:51,
603,5201,เมืองลำปาง   ,,52000,40,T,,3/1/2015 14:51,
604,5202,แม่เมาะ   ,,52220,40,T,,3/1/2015 14:51,
605,5203,เกาะคา   ,,52130,40,T,,3/1/2015 14:51,
606,5204,เสริมงาม   ,,52210,40,T,,3/1/2015 14:51,
607,5205,งาว   ,,52110,40,T,,3/1/2015 14:51,
608,5206,แจ้ห่ม   ,,52120,40,T,,3/1/2015 14:51,
609,5207,วังเหนือ   ,,52140,40,T,,3/1/2015 14:51,
610,5208,เถิน   ,,52160,40,T,,3/1/2015 14:51,
611,5209,แม่พริก   ,,52180,40,T,,3/1/2015 14:51,
612,5210,แม่ทะ   ,,52150,40,T,,3/1/2015 14:51,
613,5211,สบปราบ   ,,52170,40,T,,3/1/2015 14:51,
614,5212,ห้างฉัตร   ,,52190,40,T,,3/1/2015 14:51,
615,5213,เมืองปาน   ,,52240,40,T,,3/1/2015 14:51,
616,5301,เมืองอุตรดิตถ์   ,,53000,41,T,,3/1/2015 14:51,
617,5302,ตรอน   ,,53140,41,T,,3/1/2015 14:51,
618,5303,ท่าปลา   ,,53150,41,T,,3/1/2015 14:51,
619,5304,น้ำปาด   ,,53110,41,T,,3/1/2015 14:51,
620,5305,ฟากท่า   ,,53160,41,T,,3/1/2015 14:51,
621,5306,บ้านโคก   ,,53180,41,T,,3/1/2015 14:51,
622,5307,พิชัย   ,,53120,41,T,,3/1/2015 14:51,
623,5308,ลับแล   ,,53130,41,T,,3/1/2015 14:51,
624,5309,ทองแสนขัน   ,,53230,41,T,,3/1/2015 14:51,
625,5401,เมืองแพร่   ,,54000,42,T,,3/1/2015 14:51,
626,5402,ร้องกวาง   ,,54140,42,T,,3/1/2015 14:51,
627,5403,ลอง   ,,54150,42,T,,3/1/2015 14:51,
628,5404,สูงเม่น   ,,54130,42,T,,3/1/2015 14:51,
629,5405,เด่นชัย   ,,54110,42,T,,3/1/2015 14:51,
630,5406,สอง   ,,54120,42,T,,3/1/2015 14:51,
631,5407,วังชิ้น   ,,54160,42,T,,3/1/2015 14:51,
632,5408,หนองม่วงไข่   ,,54170,42,T,,3/1/2015 14:51,
633,5501,เมืองน่าน   ,,55000,43,T,,3/1/2015 14:51,
634,5502,แม่จริม   ,,55170,43,T,,3/1/2015 14:51,
635,5503,บ้านหลวง   ,,55190,43,T,,3/1/2015 14:51,
636,5504,นาน้อย   ,,55150,43,T,,3/1/2015 14:51,
637,5505,ปัว   ,,55120,43,T,,3/1/2015 14:51,
638,5506,ท่าวังผา   ,,55140,43,T,,3/1/2015 14:51,
639,5507,เวียงสา   ,,55110,43,T,,3/1/2015 14:51,
640,5508,ทุ่งช้าง   ,,55130,43,T,,3/1/2015 14:51,
641,5509,เชียงกลาง   ,,55160,43,T,,3/1/2015 14:51,
642,5510,นาหมื่น   ,,55180,43,T,,3/1/2015 14:51,
643,5511,สันติสุข   ,,55210,43,T,,3/1/2015 14:51,
644,5512,บ่อเกลือ   ,,55220,43,T,,3/1/2015 14:51,
645,5513,สองแคว   ,,55160,43,T,,3/1/2015 14:51,
646,5514,ภูเพียง   ,,55000,43,T,,3/1/2015 14:51,
647,5515,เฉลิมพระเกียรติ(43-หนองคาย),,0,43,T,,3/1/2015 14:51,
648,5601,เมืองพะเยา   ,,56000,44,T,,3/1/2015 14:51,
649,5602,จุน   ,,56150,44,T,,3/1/2015 14:51,
650,5603,เชียงคำ   ,,56110,44,T,,3/1/2015 14:51,
651,5604,เชียงม่วน   ,,56160,44,T,,3/1/2015 14:51,
652,5605,ดอกคำใต้   ,,56120,44,T,,3/1/2015 14:51,
653,5606,ปง   ,,56140,44,T,,3/1/2015 14:51,
654,5607,แม่ใจ   ,,56130,44,T,,3/1/2015 14:51,
655,5608,ภูซาง   ,,56110,44,T,,3/1/2015 14:51,
656,5609,ภูกามยาว   ,,56000,44,T,,3/1/2015 14:51,
657,5701,เมืองเชียงราย   ,,57000,45,T,,3/1/2015 14:51,
658,5702,เวียงชัย   ,,57210,45,T,,3/1/2015 14:51,
659,5703,เชียงของ   ,,57140,45,T,,3/1/2015 14:51,
660,5704,เทิง   ,,57160,45,T,,3/1/2015 14:51,
661,5705,พาน   ,,57120,45,T,,3/1/2015 14:51,
662,5706,ป่าแดด   ,,57190,45,T,,3/1/2015 14:51,
663,5707,แม่จัน   ,,57110,45,T,,3/1/2015 14:51,
664,5708,เชียงแสน   ,,57150,45,T,,3/1/2015 14:51,
665,5709,แม่สาย   ,,57130,45,T,,3/1/2015 14:51,
666,5710,แม่สรวย   ,,57180,45,T,,3/1/2015 14:51,
667,5711,เวียงป่าเป้า   ,,57170,45,T,,3/1/2015 14:51,
668,5712,พญาเม็งราย   ,,57290,45,T,,3/1/2015 14:51,
669,5713,เวียงแก่น   ,,57310,45,T,,3/1/2015 14:51,
670,5714,ขุนตาล   ,,57340,45,T,,3/1/2015 14:51,
671,5715,แม่ฟ้าหลวง   ,,57240,45,T,,3/1/2015 14:51,
672,5716,แม่ลาว   ,,57250,45,T,,3/1/2015 14:51,
673,5717,เวียงเชียงรุ้ง   ,,57210,45,T,,3/1/2015 14:51,
674,5718,ดอยหลวง   ,,57110,45,T,,3/1/2015 14:51,
675,5801,เมืองแม่ฮ่องสอน   ,,58000,46,T,,3/1/2015 14:51,
676,5802,ขุนยวม   ,,58140,46,T,,3/1/2015 14:51,
677,5803,ปาย   ,,58130,46,T,,3/1/2015 14:51,
678,5804,แม่สะเรียง   ,,58110,46,T,,3/1/2015 14:51,
679,5805,แม่ลาน้อย   ,,58120,46,T,,3/1/2015 14:51,
680,5806,สบเมย   ,,58110,46,T,,3/1/2015 14:51,
681,5807,ปางมะผ้า   ,,58150,46,T,,3/1/2015 14:51,
682,5881,อ.ม่วยต่อ  จ.แม่ฮ่องสอน   ,,0,46,T,,3/1/2015 14:51,
683,6001,เมืองนครสวรรค์   ,,60000,47,T,,3/1/2015 14:51,
684,6002,โกรกพระ   ,,60170,47,T,,3/1/2015 14:51,
685,6003,ชุมแสง   ,,60120,47,T,,3/1/2015 14:51,
686,6004,หนองบัว   ,,60110,47,T,,3/1/2015 14:51,
687,6005,บรรพตพิสัย   ,,60180,47,T,,3/1/2015 14:51,
688,6006,เก้าเลี้ยว   ,,60230,47,T,,3/1/2015 14:51,
689,6007,ตาคลี   ,,60140,47,T,,3/1/2015 14:51,
690,6008,ท่าตะโก   ,,60160,47,T,,3/1/2015 14:51,
691,6009,ไพศาลี   ,,60220,47,T,,3/1/2015 14:51,
692,6010,พยุหะคีรี   ,,60130,47,T,,3/1/2015 14:51,
693,6011,ลาดยาว   ,,60150,47,T,,3/1/2015 14:51,
694,6012,ตากฟ้า   ,,60190,47,T,,3/1/2015 14:51,
695,6013,แม่วงก์   ,,60150,47,T,,3/1/2015 14:51,
696,6014,แม่เปิน   ,,60150,47,T,,3/1/2015 14:51,
697,6015,ชุมตาบง   ,,60150,47,T,,3/1/2015 14:51,
698,6051,สาขาตำบลห้วยน้ำหอม   ,,0,47,T,,3/1/2015 14:51,
699,6052,กิ่งอำเภอชุมตาบง (สาขาตำบลชุมตาบง)   ,,0,47,T,,3/1/2015 14:51,
700,6053,แม่วงก์ (สาขาตำบลแม่เล่ย์)   ,,0,47,T,,3/1/2015 14:51,
701,6101,เมืองอุทัยธานี   ,,61000,48,T,,3/1/2015 14:51,
702,6102,ทัพทัน   ,,61120,48,T,,3/1/2015 14:51,
703,6103,สว่างอารมณ์   ,,61150,48,T,,3/1/2015 14:51,
704,6104,หนองฉาง   ,,61110,48,T,,3/1/2015 14:51,
705,6105,หนองขาหย่าง   ,,61130,48,T,,3/1/2015 14:51,
706,6106,บ้านไร่   ,,61140,48,T,,3/1/2015 14:51,
707,6107,ลานสัก   ,,61160,48,T,,3/1/2015 14:51,
708,6108,ห้วยคต   ,,61170,48,T,,3/1/2015 14:51,
709,6201,เมืองกำแพงเพชร   ,,62000,49,T,,3/1/2015 14:51,
710,6202,ไทรงาม   ,,62150,49,T,,3/1/2015 14:51,
711,6203,คลองลาน   ,,62180,49,T,,3/1/2015 14:51,
712,6204,ขาณุวรลักษบุรี   ,,62130,49,T,,3/1/2015 14:51,
713,6205,คลองขลุง   ,,62120,49,T,,3/1/2015 14:51,
714,6206,พรานกระต่าย   ,,62110,49,T,,3/1/2015 14:51,
715,6207,ลานกระบือ   ,,62170,49,T,,3/1/2015 14:51,
716,6208,ทรายทองวัฒนา   ,,62190,49,T,,3/1/2015 14:51,
717,6209,ปางศิลาทอง   ,,62120,49,T,,3/1/2015 14:51,
718,6210,บึงสามัคคี   ,,62210,49,T,,3/1/2015 14:51,
719,6211,โกสัมพีนคร   ,,62000,49,T,,3/1/2015 14:51,
720,6301,เมืองตาก   ,,63000,50,T,,3/1/2015 14:51,
721,6302,บ้านตาก   ,,63120,50,T,,3/1/2015 14:51,
722,6303,สามเงา   ,,63130,50,T,,3/1/2015 14:51,
723,6304,แม่ระมาด   ,,63140,50,T,,3/1/2015 14:51,
724,6305,ท่าสองยาง   ,,63150,50,T,,3/1/2015 14:51,
725,6306,แม่สอด   ,,63110,50,T,,3/1/2015 14:51,
726,6307,พบพระ   ,,63160,50,T,,3/1/2015 14:51,
727,6308,อุ้มผาง   ,,63170,50,T,,3/1/2015 14:51,
728,6309,วังเจ้า   ,,63000,50,T,,3/1/2015 14:51,
729,6381,กิ่ง อ.ท่าปุย  จ.ตาก   ,,0,50,T,,3/1/2015 14:51,
730,6401,เมืองสุโขทัย   ,,64000,51,T,,3/1/2015 14:51,
731,6402,บ้านด่านลานหอย   ,,64140,51,T,,3/1/2015 14:51,
732,6403,คีรีมาศ   ,,64160,51,T,,3/1/2015 14:51,
733,6404,กงไกรลาศ   ,,64170,51,T,,3/1/2015 14:51,
734,6405,ศรีสัชนาลัย   ,,64130,51,T,,3/1/2015 14:51,
735,6406,ศรีสำโรง   ,,64120,51,T,,3/1/2015 14:51,
736,6407,สวรรคโลก   ,,64110,51,T,,3/1/2015 14:51,
737,6408,ศรีนคร   ,,64180,51,T,,3/1/2015 14:51,
738,6409,ทุ่งเสลี่ยม   ,,64150,51,T,,3/1/2015 14:51,
739,6501,เมืองพิษณุโลก   ,,65000,52,T,,3/1/2015 14:51,
740,6502,นครไทย   ,,65120,52,T,,3/1/2015 14:51,
741,6503,ชาติตระการ   ,,65170,52,T,,3/1/2015 14:51,
742,6504,บางระกำ   ,,65140,52,T,,3/1/2015 14:51,
743,6505,บางกระทุ่ม   ,,65110,52,T,,3/1/2015 14:51,
744,6506,พรหมพิราม   ,,65150,52,T,,3/1/2015 14:51,
745,6507,วัดโบสถ์   ,,65160,52,T,,3/1/2015 14:51,
746,6508,วังทอง   ,,65130,52,T,,3/1/2015 14:51,
747,6509,เนินมะปราง   ,,65190,52,T,,3/1/2015 14:51,
748,6601,เมืองพิจิตร   ,,66000,53,T,,3/1/2015 14:51,
749,6602,วังทรายพูน   ,,66180,53,T,,3/1/2015 14:51,
750,6603,โพธิ์ประทับช้าง   ,,66190,53,T,,3/1/2015 14:51,
751,6604,ตะพานหิน   ,,66110,53,T,,3/1/2015 14:51,
752,6605,บางมูลนาก   ,,66120,53,T,,3/1/2015 14:51,
753,6606,โพทะเล   ,,66130,53,T,,3/1/2015 14:51,
754,6607,สามง่าม   ,,66140,53,T,,3/1/2015 14:51,
755,6608,ทับคล้อ   ,,66150,53,T,,3/1/2015 14:51,
756,6609,สากเหล็ก   ,,66160,53,T,,3/1/2015 14:51,
757,6610,บึงนาราง   ,,66130,53,T,,3/1/2015 14:51,
758,6611,ดงเจริญ   ,,66210,53,T,,3/1/2015 14:51,
759,6612,วชิรบารมี   ,,66140,53,T,,3/1/2015 14:51,
760,6701,เมืองเพชรบูรณ์   ,,67000,54,T,,3/1/2015 14:51,
761,6702,ชนแดน   ,,67150,54,T,,3/1/2015 14:51,
762,6703,หล่มสัก   ,,67110,54,T,,3/1/2015 14:51,
763,6704,หล่มเก่า   ,,67120,54,T,,3/1/2015 14:51,
764,6705,วิเชียรบุรี   ,,67130,54,T,,3/1/2015 14:51,
765,6706,ศรีเทพ   ,,67170,54,T,,3/1/2015 14:51,
766,6707,หนองไผ่   ,,67140,54,T,,3/1/2015 14:51,
767,6708,บึงสามพัน   ,,67160,54,T,,3/1/2015 14:51,
768,6709,น้ำหนาว   ,,67260,54,T,,3/1/2015 14:51,
769,6710,วังโป่ง   ,,67240,54,T,,3/1/2015 14:51,
770,6711,เขาค้อ   ,,67270,54,T,,3/1/2015 14:51,
771,7001,เมืองราชบุรี   ,,70000,55,T,,3/1/2015 14:51,
772,7002,จอมบึง   ,,70150,55,T,,3/1/2015 14:51,
773,7003,สวนผึ้ง   ,,70180,55,T,,3/1/2015 14:51,
774,7004,ดำเนินสะดวก   ,,70130,55,T,,3/1/2015 14:51,
775,7005,บ้านโป่ง   ,,70110,55,T,,3/1/2015 14:51,
776,7006,บางแพ   ,,70160,55,T,,3/1/2015 14:51,
777,7007,โพธาราม   ,,70120,55,T,,3/1/2015 14:51,
778,7008,ปากท่อ   ,,70140,55,T,,3/1/2015 14:51,
779,7009,วัดเพลง   ,,70170,55,T,,3/1/2015 14:51,
780,7010,บ้านคา   ,,70180,55,T,,3/1/2015 14:51,
781,7074,ท้องถิ่นเทศบาลตำบลบ้านฆ้อง   ,,0,55,T,,3/1/2015 14:51,
782,7101,เมืองกาญจนบุรี   ,,71000,56,T,,3/1/2015 14:51,
783,7102,ไทรโยค   ,,71150,56,T,,3/1/2015 14:51,
784,7103,บ่อพลอย   ,,71160,56,T,,3/1/2015 14:51,
785,7104,ศรีสวัสดิ์   ,,71250,56,T,,3/1/2015 14:51,
786,7105,ท่ามะกา   ,,71120,56,T,,3/1/2015 14:51,
787,7106,ท่าม่วง   ,,71110,56,T,,3/1/2015 14:51,
788,7107,ทองผาภูมิ   ,,71180,56,T,,3/1/2015 14:51,
789,7108,สังขละบุรี   ,,71240,56,T,,3/1/2015 14:51,
790,7109,พนมทวน   ,,71140,56,T,,3/1/2015 14:51,
791,7110,เลาขวัญ   ,,71210,56,T,,3/1/2015 14:51,
792,7111,ด่านมะขามเตี้ย   ,,71260,56,T,,3/1/2015 14:51,
793,7112,หนองปรือ   ,,71220,56,T,,3/1/2015 14:51,
794,7113,ห้วยกระเจา   ,,71170,56,T,,3/1/2015 14:51,
795,7151,สาขาตำบลท่ากระดาน   ,,0,56,T,,3/1/2015 14:51,
796,7181,บ้านทวน  จ.กาญจนบุรี   ,,0,56,T,,3/1/2015 14:51,
797,7201,เมืองสุพรรณบุรี   ,,72000,57,T,,3/1/2015 14:51,
798,7202,เดิมบางนางบวช   ,,72120,57,T,,3/1/2015 14:51,
799,7203,ด่านช้าง   ,,72180,57,T,,3/1/2015 14:51,
800,7204,บางปลาม้า   ,,72150,57,T,,3/1/2015 14:51,
801,7205,ศรีประจันต์   ,,72140,57,T,,3/1/2015 14:51,
802,7206,ดอนเจดีย์   ,,72170,57,T,,3/1/2015 14:51,
803,7207,สองพี่น้อง   ,,72110,57,T,,3/1/2015 14:51,
804,7208,สามชุก   ,,72130,57,T,,3/1/2015 14:51,
805,7209,อู่ทอง   ,,72160,57,T,,3/1/2015 14:51,
806,7210,หนองหญ้าไซ   ,,72240,57,T,,3/1/2015 14:51,
807,7301,เมืองนครปฐม   ,,73000,58,T,,3/1/2015 14:51,
808,7302,กำแพงแสน   ,,73140,58,T,,3/1/2015 14:51,
809,7303,นครชัยศรี   ,,73120,58,T,,3/1/2015 14:51,
810,7304,ดอนตูม   ,,73150,58,T,,3/1/2015 14:51,
811,7305,บางเลน   ,,73130,58,T,,3/1/2015 14:51,
812,7306,สามพราน   ,,73110,58,T,,3/1/2015 14:51,
813,7307,พุทธมณฑล   ,,73170,58,T,,3/1/2015 14:51,
814,7401,เมืองสมุทรสาคร   ,,74000,59,T,,3/1/2015 14:51,
815,7402,กระทุ่มแบน   ,,74110,59,T,,3/1/2015 14:51,
816,7403,บ้านแพ้ว   ,,74120,59,T,,3/1/2015 14:51,
817,7501,เมืองสมุทรสงคราม   ,,75000,60,T,,3/1/2015 14:51,
818,7502,บางคนที   ,,75120,60,T,,3/1/2015 14:51,
819,7503,อัมพวา   ,,75110,60,T,,3/1/2015 14:51,
820,7601,เมืองเพชรบุรี   ,,76000,61,T,,3/1/2015 14:51,
821,7602,เขาย้อย   ,,76140,61,T,,3/1/2015 14:51,
822,7603,หนองหญ้าปล้อง   ,,76160,61,T,,3/1/2015 14:51,
823,7604,ชะอำ   ,,76120,61,T,,3/1/2015 14:51,
824,7605,ท่ายาง   ,,76130,61,T,,3/1/2015 14:51,
825,7606,บ้านลาด   ,,76150,61,T,,3/1/2015 14:51,
826,7607,บ้านแหลม   ,,76110,61,T,,3/1/2015 14:51,
827,7608,แก่งกระจาน   ,,76170,61,T,,3/1/2015 14:51,
828,7701,เมืองประจวบคีรีขันธ์   ,,77000,62,T,,3/1/2015 14:51,
829,7702,กุยบุรี   ,,77150,62,T,,3/1/2015 14:51,
830,7703,ทับสะแก   ,,77130,62,T,,3/1/2015 14:51,
831,7704,บางสะพาน   ,,77140,62,T,,3/1/2015 14:51,
832,7705,บางสะพานน้อย   ,,77170,62,T,,3/1/2015 14:51,
833,7706,ปราณบุรี   ,,77120,62,T,,3/1/2015 14:51,
834,7707,หัวหิน   ,,77110,62,T,,3/1/2015 14:51,
835,7708,สามร้อยยอด   ,,77180,62,T,,3/1/2015 14:51,
836,8001,เมืองนครศรีธรรมราช   ,,80000,63,T,,3/1/2015 14:51,
837,8002,พรหมคีรี   ,,80320,63,T,,3/1/2015 14:51,
838,8003,ลานสกา   ,,80230,63,T,,3/1/2015 14:51,
839,8004,ฉวาง   ,,80150,63,T,,3/1/2015 14:51,
840,8005,พิปูน   ,,80270,63,T,,3/1/2015 14:51,
841,8006,เชียรใหญ่   ,,80190,63,T,,3/1/2015 14:51,
842,8007,ชะอวด   ,,80180,63,T,,3/1/2015 14:51,
843,8008,ท่าศาลา   ,,80160,63,T,,3/1/2015 14:51,
844,8009,ทุ่งสง   ,,80110,63,T,,3/1/2015 14:51,
845,8010,นาบอน   ,,80220,63,T,,3/1/2015 14:51,
846,8011,ทุ่งใหญ่   ,,80240,63,T,,3/1/2015 14:51,
847,8012,ปากพนัง   ,,80140,63,T,,3/1/2015 14:51,
848,8013,ร่อนพิบูลย์   ,,80130,63,T,,3/1/2015 14:51,
849,8014,สิชล   ,,80120,63,T,,3/1/2015 14:51,
850,8015,ขนอม   ,,80210,63,T,,3/1/2015 14:51,
851,8016,หัวไทร   ,,80170,63,T,,3/1/2015 14:51,
852,8017,บางขัน   ,,80360,63,T,,3/1/2015 14:51,
853,8018,ถ้ำพรรณรา   ,,80260,63,T,,3/1/2015 14:51,
854,8019,จุฬาภรณ์   ,,80130,63,T,,3/1/2015 14:51,
855,8020,พระพรหม   ,,80000,63,T,,3/1/2015 14:51,
856,8021,นบพิตำ   ,,80160,63,T,,3/1/2015 14:51,
857,8022,ช้างกลาง   ,,80250,63,T,,3/1/2015 14:51,
858,8023,เฉลิมพระเกียรติ(63-ตาก),,0,63,T,,3/1/2015 14:51,
859,8051,เชียรใหญ่ (สาขาตำบลเสือหึง)   ,,0,63,T,,3/1/2015 14:51,
860,8052,สาขาตำบลสวนหลวง   ,,0,63,T,,3/1/2015 14:51,
861,8053,ร่อนพิบูลย์ (สาขาตำบลหินตก)   ,,0,63,T,,3/1/2015 14:51,
862,8054,หัวไทร (สาขาตำบลควนชะลิก)   ,,0,63,T,,3/1/2015 14:51,
863,8055,ทุ่งสง (สาขาตำบลกะปาง)   ,,0,63,T,,3/1/2015 14:51,
864,8101,เมืองกระบี่   ,,81000,64,T,,3/1/2015 14:51,
865,8102,เขาพนม   ,,81140,64,T,,3/1/2015 14:51,
866,8103,เกาะลันตา   ,,81150,64,T,,3/1/2015 14:51,
867,8104,คลองท่อม   ,,81120,64,T,,3/1/2015 14:51,
868,8105,อ่าวลึก   ,,81110,64,T,,3/1/2015 14:51,
869,8106,ปลายพระยา   ,,81160,64,T,,3/1/2015 14:51,
870,8107,ลำทับ   ,,81120,64,T,,3/1/2015 14:51,
871,8108,เหนือคลอง   ,,81130,64,T,,3/1/2015 14:51,
872,8201,เมืองพังงา   ,,82000,65,T,,3/1/2015 14:51,
873,8202,เกาะยาว   ,,82160,65,T,,3/1/2015 14:51,
874,8203,กะปง   ,,82170,65,T,,3/1/2015 14:51,
875,8204,ตะกั่วทุ่ง   ,,82130,65,T,,3/1/2015 14:51,
876,8205,ตะกั่วป่า   ,,82110,65,T,,3/1/2015 14:51,
877,8206,คุระบุรี   ,,82150,65,T,,3/1/2015 14:51,
878,8207,ทับปุด   ,,82180,65,T,,3/1/2015 14:51,
879,8208,ท้ายเหมือง   ,,82120,65,T,,3/1/2015 14:51,
880,8301,เมืองภูเก็ต   ,,83000,66,T,,3/1/2015 14:51,
881,8302,กะทู้   ,,83120,66,T,,3/1/2015 14:51,
882,8303,ถลาง   ,,83110,66,T,,3/1/2015 14:51,
883,8381,ทุ่งคา   ,,0,66,T,,3/1/2015 14:51,
884,8401,เมืองสุราษฎร์ธานี   ,,84000,67,T,,3/1/2015 14:51,
885,8402,กาญจนดิษฐ์   ,,84160,67,T,,3/1/2015 14:51,
886,8403,ดอนสัก   ,,84220,67,T,,3/1/2015 14:51,
887,8404,เกาะสมุย   ,,84140,67,T,,3/1/2015 14:51,
888,8405,เกาะพะงัน   ,,84280,67,T,,3/1/2015 14:51,
889,8406,ไชยา   ,,84110,67,T,,3/1/2015 14:51,
890,8407,ท่าชนะ   ,,84170,67,T,,3/1/2015 14:51,
891,8408,คีรีรัฐนิคม   ,,84180,67,T,,3/1/2015 14:51,
892,8409,บ้านตาขุน   ,,84230,67,T,,3/1/2015 14:51,
893,8410,พนม   ,,84250,67,T,,3/1/2015 14:51,
894,8411,ท่าฉาง   ,,84150,67,T,,3/1/2015 14:51,
895,8412,บ้านนาสาร   ,,84120,67,T,,3/1/2015 14:51,
896,8413,บ้านนาเดิม   ,,84240,67,T,,3/1/2015 14:51,
897,8414,เคียนซา   ,,84260,67,T,,3/1/2015 14:51,
898,8415,เวียงสระ   ,,84190,67,T,,3/1/2015 14:51,
899,8416,พระแสง   ,,84210,67,T,,3/1/2015 14:51,
900,8417,พุนพิน   ,,84130,67,T,,3/1/2015 14:51,
901,8418,ชัยบุรี   ,,84350,67,T,,3/1/2015 14:51,
902,8419,วิภาวดี   ,,84180,67,T,,3/1/2015 14:51,
903,8451,เกาะพงัน (สาขาตำบลเกาะเต่า)   ,,0,67,T,,3/1/2015 14:51,
904,8481,อ.บ้านดอน  จ.สุราษฎร์ธานี   ,,0,67,T,,3/1/2015 14:51,
905,8501,เมืองระนอง   ,,85000,68,T,,3/1/2015 14:51,
906,8502,ละอุ่น   ,,85130,68,T,,3/1/2015 14:51,
907,8503,กะเปอร์   ,,85120,68,T,,3/1/2015 14:51,
908,8504,กระบุรี   ,,85110,68,T,,3/1/2015 14:51,
909,8505,สุขสำราญ   ,,85120,68,T,,3/1/2015 14:51,
910,8601,เมืองชุมพร   ,,86000,69,T,,3/1/2015 14:51,
911,8602,ท่าแซะ   ,,86140,69,T,,3/1/2015 14:51,
912,8603,ปะทิว   ,,86160,69,T,,3/1/2015 14:51,
913,8604,หลังสวน   ,,86110,69,T,,3/1/2015 14:51,
914,8605,ละแม   ,,86170,69,T,,3/1/2015 14:51,
915,8606,พะโต๊ะ   ,,86180,69,T,,3/1/2015 14:51,
916,8607,สวี   ,,86130,69,T,,3/1/2015 14:51,
917,8608,ทุ่งตะโก   ,,86220,69,T,,3/1/2015 14:51,
918,9001,เมืองสงขลา   ,,90000,70,T,,3/1/2015 14:51,
919,9002,สทิงพระ   ,,90190,70,T,,3/1/2015 14:51,
920,9003,จะนะ   ,,90130,70,T,,3/1/2015 14:51,
921,9004,นาทวี   ,,90160,70,T,,3/1/2015 14:51,
922,9005,เทพา   ,,90150,70,T,,3/1/2015 14:51,
923,9006,สะบ้าย้อย   ,,90210,70,T,,3/1/2015 14:51,
924,9007,ระโนด   ,,90140,70,T,,3/1/2015 14:51,
925,9008,กระแสสินธุ์   ,,90270,70,T,,3/1/2015 14:51,
926,9009,รัตภูมิ   ,,90180,70,T,,3/1/2015 14:51,
927,9010,สะเดา   ,,90120,70,T,,3/1/2015 14:51,
928,9011,หาดใหญ่   ,,90110,70,T,,3/1/2015 14:51,
929,9012,นาหม่อม   ,,90310,70,T,,3/1/2015 14:51,
930,9013,ควนเนียง   ,,90220,70,T,,3/1/2015 14:51,
931,9014,บางกล่ำ   ,,90110,70,T,,3/1/2015 14:51,
932,9015,สิงหนคร   ,,90280,70,T,,3/1/2015 14:51,
933,9016,คลองหอยโข่ง   ,,90230,70,T,,3/1/2015 14:51,
934,9077,ท้องถิ่นเทศบาลตำบลสำนักขาม   ,,0,70,T,,3/1/2015 14:51,
935,9096,เทศบาลตำบลบ้านพรุ   ,,0,70,T,,3/1/2015 14:51,
936,9101,เมืองสตูล   ,,91000,71,T,,3/1/2015 14:51,
937,9102,ควนโดน   ,,91160,71,T,,3/1/2015 14:51,
938,9103,ควนกาหลง   ,,91130,71,T,,3/1/2015 14:51,
939,9104,ท่าแพ   ,,91150,71,T,,3/1/2015 14:51,
940,9105,ละงู   ,,91110,71,T,,3/1/2015 14:51,
941,9106,ทุ่งหว้า   ,,91120,71,T,,3/1/2015 14:51,
942,9107,มะนัง   ,,91130,71,T,,3/1/2015 14:51,
943,9201,เมืองตรัง   ,,92000,72,T,,3/1/2015 14:51,
944,9202,กันตัง   ,,92110,72,T,,3/1/2015 14:51,
945,9203,ย่านตาขาว   ,,92140,72,T,,3/1/2015 14:51,
946,9204,ปะเหลียน   ,,92120,72,T,,3/1/2015 14:51,
947,9205,สิเกา   ,,92150,72,T,,3/1/2015 14:51,
948,9206,ห้วยยอด   ,,92130,72,T,,3/1/2015 14:51,
949,9207,วังวิเศษ   ,,92220,72,T,,3/1/2015 14:51,
950,9208,นาโยง   ,,92170,72,T,,3/1/2015 14:51,
951,9209,รัษฎา   ,,92160,72,T,,3/1/2015 14:51,
952,9210,หาดสำราญ   ,,92120,72,T,,3/1/2015 14:51,
953,9251,อำเภอเมืองตรัง(สาขาคลองเต็ง)   ,,0,72,T,,3/1/2015 14:51,
954,9301,เมืองพัทลุง   ,,93000,73,T,,3/1/2015 14:51,
955,9302,กงหรา   ,,93180,73,T,,3/1/2015 14:51,
956,9303,เขาชัยสน   ,,93130,73,T,,3/1/2015 14:51,
957,9304,ตะโหมด   ,,93160,73,T,,3/1/2015 14:51,
958,9305,ควนขนุน   ,,93110,73,T,,3/1/2015 14:51,
959,9306,ปากพะยูน   ,,93120,73,T,,3/1/2015 14:51,
960,9307,ศรีบรรพต   ,,93190,73,T,,3/1/2015 14:51,
961,9308,ป่าบอน   ,,93170,73,T,,3/1/2015 14:51,
962,9309,บางแก้ว   ,,93140,73,T,,3/1/2015 14:51,
963,9310,ป่าพะยอม   ,,93110,73,T,,3/1/2015 14:51,
964,9311,ศรีนครินทร์   ,,93000,73,T,,3/1/2015 14:51,
965,9401,เมืองปัตตานี   ,,94000,74,T,,3/1/2015 14:51,
966,9402,โคกโพธิ์   ,,94120,74,T,,3/1/2015 14:51,
967,9403,หนองจิก   ,,94170,74,T,,3/1/2015 14:51,
968,9404,ปะนาเระ   ,,94130,74,T,,3/1/2015 14:51,
969,9405,มายอ   ,,94140,74,T,,3/1/2015 14:51,
970,9406,ทุ่งยางแดง   ,,94140,74,T,,3/1/2015 14:51,
971,9407,สายบุรี   ,,94110,74,T,,3/1/2015 14:51,
972,9408,ไม้แก่น   ,,94220,74,T,,3/1/2015 14:51,
973,9409,ยะหริ่ง   ,,94150,74,T,,3/1/2015 14:51,
974,9410,ยะรัง   ,,94160,74,T,,3/1/2015 14:51,
975,9411,กะพ้อ   ,,94230,74,T,,3/1/2015 14:51,
976,9412,แม่ลาน   ,,94180,74,T,,3/1/2015 14:51,
977,9501,เมืองยะลา   ,,95000,75,T,,3/1/2015 14:51,
978,9502,เบตง   ,,95110,75,T,,3/1/2015 14:51,
979,9503,บันนังสตา   ,,95130,75,T,,3/1/2015 14:51,
980,9504,ธารโต   ,,95150,75,T,,3/1/2015 14:51,
981,9505,ยะหา   ,,95120,75,T,,3/1/2015 14:51,
982,9506,รามัน   ,,95140,75,T,,3/1/2015 14:51,
983,9507,กาบัง   ,,95120,75,T,,3/1/2015 14:51,
984,9508,กรงปินัง   ,,95000,75,T,,3/1/2015 14:51,
985,9601,เมืองนราธิวาส   ,,96000,76,T,,3/1/2015 14:51,
986,9602,ตากใบ   ,,96110,76,T,,3/1/2015 14:51,
987,9603,บาเจาะ   ,,96170,76,T,,3/1/2015 14:51,
988,9604,ยี่งอ   ,,96180,76,T,,3/1/2015 14:51,
989,9605,ระแงะ   ,,96130,76,T,,3/1/2015 14:51,
990,9606,รือเสาะ   ,,96150,76,T,,3/1/2015 14:51,
991,9607,ศรีสาคร   ,,96210,76,T,,3/1/2015 14:51,
992,9608,แว้ง   ,,96160,76,T,,3/1/2015 14:51,
993,9609,สุคิริน   ,,96190,76,T,,3/1/2015 14:51,
994,9610,สุไหงโก-ลก   ,,96120,76,T,,3/1/2015 14:51,
995,9611,สุไหงปาดี   ,,96140,76,T,,3/1/2015 14:51,
996,9612,จะแนะ   ,,96220,76,T,,3/1/2015 14:51,
997,9613,เจาะไอร้อง   ,,96130,76,T,,3/1/2015 14:51,
998,9681,อ.บางนรา  ,,0,76,T,,3/1/2015 14:51,
999,3804,เซกา,,38150,77,T,,1/14/2016 9:56,
1000,3803,โซ่พิสัย,,38170,77,T,,1/14/2016 9:56,
1001,3801,เมืองบึงกาฬ,,38000,77,T,,1/14/2016 9:56,
1002,3806,บึงโขงหลง,,38220,77,T,,1/14/2016 9:56,
1003,3808,บุ่งคล้า,,38000,77,T,,1/14/2016 9:56,
1004,3805,ปากคาด,,38190,77,T,,1/14/2016 9:56,
1005,3802,พรเจริญ,,38180,77,T,,1/14/2016 9:56,
1006,3807,ศรีวิไล,,38210,77,T,,1/14/2016 9:56,
